{"cameraMode":{"drawMode":0,"name":"Shaded","section":"Shading Mode"},"sceneLighting":true,"audioPlay":false,"sceneViewState":{"m_AlwaysRefresh":false,"showFog":false,"showSkybox":false,"showFlares":false,"showImageEffects":true,"showParticleSystems":true,"showVisualEffectGraphs":true,"m_FxEnabled":true},"in2DMode":false,"pivot":{"x":5.8948235511779789,"y":1.4957492351531983,"z":4.917098045349121},"rotation":{"x":-0.05708632990717888,"y":-0.08167725056409836,"z":0.004686001222580671,"w":-0.9950122833251953},"size":1.0639678239822388,"orthographic":false}