{"cameraMode":{"drawMode":0,"name":"Shaded","section":"Shading Mode"},"sceneLighting":false,"audioPlay":false,"sceneViewState":{"m_AlwaysRefresh":false,"showFog":false,"showSkybox":false,"showFlares":false,"showImageEffects":true,"showParticleSystems":true,"showVisualEffectGraphs":true,"m_FxEnabled":true},"in2DMode":false,"pivot":{"x":-0.10479883849620819,"y":-0.02392345666885376,"z":0.15860342979431153},"rotation":{"x":-0.2872079014778137,"y":0.004575031343847513,"z":-0.0013886727392673493,"w":-0.9578769207000732},"size":1.582155466079712,"orthographic":false}